{"mwaddrkey":"","wap_android360_fontsize":"12","isA11yConfigEnabled":false,"watchos_notificationcentericon_42":"","wap_android440_fontsize":"12","apppackagekey":"","nativeContainerProperties":{"isEnableJSContainerAndroid":false,"isModified":true,"isEnableJSContaineriOS":false,"isEnableJSContainer":false},"wap_android400_fontsize":"12","wap_spaandroidtabhdpi_fontsize":"12","appversionkey":"1.0.0","watchos_longlooknotificationicon_38":"","project.type":"js","startupformkey":"frm1","wap_bb480_fontsize":"12","wap_winphone480_fontsize":"12","wap_android640_fontsize":"12","vendornamekey":"KonyLabs","wap_android320_fontsize":"12","createdgaversion":"7.0.0","watchos_notificationcentericon_38":"","enableactionbar":false,"watchos_shortlooknotificationicon_42":"","wap_android480_fontsize":"12","wap_winphone320_fontsize":"12","watchos_longlooknotificationicon_42":"","appmenu":{"tablet":{"data":[{"windows8":{"appBarButtonStyle":"No Style","position":"BOTTOM_LEFT"},"android":{"showAsFlag":0},"kuid":"ba82da5fd4c34908abd373e358241900","icon":{"default":"option1.png"},"id":"appmenuitemid1","title":"Item 1"},{"windows8":{"appBarButtonStyle":"No Style","position":"BOTTOM_LEFT"},"android":{"showAsFlag":0},"kuid":"0f8f2d05cc3b4f8b86025e93f74f8284","icon":{"default":"option2.png"},"id":"appmenuitemid2","title":"Item 2"},{"windows8":{"appBarButtonStyle":"No Style","position":"BOTTOM_LEFT"},"android":{"showAsFlag":0},"kuid":"53e82181485540e980c82550486531c3","icon":{"default":"option3.png"},"id":"appmenuitemid3","title":"Item 3"},{"windows8":{"appBarButtonStyle":"No Style","position":"BOTTOM_LEFT"},"android":{"showAsFlag":0},"kuid":"2b008f9fc9e74c1db27611b8e248f4f4","icon":{"default":"option4.png"},"id":"appmenuitemid4","title":"Item 4"}]},"desktop":{"data":[{"kuid":"79de780d811c4bb8b921c1dafd378738","icon":{"default":"option1.png"},"id":"appmenuitemid1","title":"Item 1"},{"kuid":"219ff57c3ec94ffb8a634f6158963133","icon":{"default":"option2.png"},"id":"appmenuitemid2","title":"Item 2"},{"kuid":"eb723b7db4af441baf0bd215c3f9d59f","icon":{"default":"option3.png"},"id":"appmenuitemid3","title":"Item 3"},{"kuid":"6337e22f543548b3bee01bad1bffbcd0","icon":{"default":"option4.png"},"id":"appmenuitemid4","title":"Item 4"}]},"focusskin":null,"osVersion":"iOS7","wType":"Appmenu","focusSkin":null,"mobile":{"data":[{"android":{"showAsFlag":0},"kuid":"8fa6fd64173f426ba55f16e1fa12bd2b","icon":{"default":"option1.png"},"id":"appmenuitemid1","title":"Item 1"},{"android":{"showAsFlag":0},"kuid":"77d118765f834eee83ad6f5254cd2d3e","icon":{"default":"option2.png"},"id":"appmenuitemid2","title":"Item 2"},{"android":{"showAsFlag":0},"kuid":"4ab3174ff53543c29a7676698602e7d9","icon":{"default":"option3.png"},"id":"appmenuitemid3","title":"Item 3"},{"android":{"showAsFlag":0},"kuid":"558bcd0cf1e44843b8f8b75fdb28ebe4","icon":{"default":"option4.png"},"id":"appmenuitemid4","title":"Item 4"}]},"skin":null,"osPlatform":""},"wap_spaipad_fontsize":"12","mwportkey":"","mwhttpsportkey":"","wap_bb440_fontsize":"12","wap_bb400_fontsize":"12","appidkey":"RadialEffect","statusBarHidden":"false","wap_bb360_fontsize":"12","export.type":"studioviz","isNewAppWithRespectToAndroidPackageName":"","wap_spawindowstab_fontsize":"12","defaulttheme":"defaultTheme","watchos_shortlooknotificationicon_38":"","appaddrkey":"","appnamekey":"RadialEffect","currentgaversion":"7.3.0","wap_bb320_fontsize":"12","wap_bb240_fontsize":"12","desktopwebbasefontsize":"12","wap_android240_fontsize":"12","wap_spaandroidtabldpi_fontsize":"12","wap_spaandroidtabmdpi_fontsize":"12","konyVizVersion":"7.3.0","wap_spaandroidtab_fontsize":"12","winmobileguidkey":"","APPLICATION_THEME":"default","build":"debug","project_version":"sprint27","wap_ip_fontsize":"12","category":"app","createdVizVersion":"7.0.0"}