{
    "AS_Button_10f00fbf5ef343bdb22236d5ce85317c": {
        "id": "AS_Button_10f00fbf5ef343bdb22236d5ce85317c",
        "type": "ACTION_SEQUENCE",
        "params": [{
            "datatype": "collection",
            "name": "eventobject"
        }],
        "contextObj": {
            "name": "frm1",
            "type": "forms",
            "platform": "",
            "KUID": "8dbff72dce2243d0a44c50ce1713249f"
        },
        "language": "js",
        "actions": [{
            "id": "INVOKE_FUNCTION___710bb15523514cba952b5510900e40f2",
            "type": "INVOKE_FUNCTION",
            "sequenceKUID": "radialEffect",
            "display": "radialEffect",
            "inputparams": [],
            "parentId": null,
            "callbackType": null
        }]
    }
}