{
    "@class": "com.kony.gen.viz.model.component.KVizButton",
    "DNDConfig": null,
    "__parentReadjusting__": false,
    "_height_": {
        "type": "string",
        "value": "80%"
    },
    "_left_": {
        "type": "string",
        "value": "5%"
    },
    "_margin_": [
        6,
        6,
        6,
        6
    ],
    "_padding_": [
        0,
        0,
        0,
        0
    ],
    "_skin_": "sc7cd9c6d0604ff8bdce81e22658f081",
    "_text_": "",
    "_width_": {
        "type": "string",
        "value": "13%"
    },
    "canUpdateUI": true,
    "centery": {
        "type": "string",
        "value": "50%"
    },
    "containerweight": 100,
    "contentalignment": 5,
    "displaytext": true,
    "focusskin": "sc7cd9c6d0604ff8bdce81e22658f081",
    "id": "hamburgerMenu",
    "ide_onClick": "AS_Button_10f00fbf5ef343bdb22236d5ce85317c",
    "info": null,
    "isvisible": true,
    "kuid": "cb4c41cd60964cf6ac94932c43f5d4c3",
    "name": "kony.ui.Button",
    "onclick": "AS_Button_10f00fbf5ef343bdb22236d5ce85317c",
    "parent": "titleCont",
    "pf": "frm1",
    "wType": "Button"
}