{
    "@class": "com.kony.gen.viz.model.component.KVizImage2",
    "DNDConfig": null,
    "__parentReadjusting__": false,
    "_base64_": null,
    "_height_": {
        "type": "string",
        "value": "29%"
    },
    "_margin_": [
        0,
        0,
        0,
        0
    ],
    "_padding_": [
        0,
        0,
        0,
        0
    ],
    "_skin_": "s80ddff39eed4ff5bb71ff0e248f5294",
    "_src_": "g.png",
    "_width_": {
        "type": "string",
        "value": "48%"
    },
    "canUpdateUI": true,
    "centerx": {
        "type": "string",
        "value": "25.00%"
    },
    "centery": {
        "type": "string",
        "value": "55%"
    },
    "containerweight": 100,
    "context": {
        "channel": "mobile",
        "formID": "frm1",
        "platform": "android",
        "templateType": "forms",
        "topLevelBox": null
    },
    "id": "image2b",
    "imagescalemode": 0,
    "info": null,
    "invokedProperty": "src",
    "isvisible": true,
    "kuid": "50e58a2c28d047128bc591752ede7abc",
    "name": "kony.ui.Image2",
    "parent": "frm1",
    "pf": "frm1",
    "srcType": 1,
    "wType": "Image",
    "widgetalignment": 5,
    "zindex": 1
}