{
    "@class": "com.kony.gen.viz.model.component.KVizLabel",
    "DNDConfig": null,
    "__parentReadjusting__": false,
    "_height_": {
        "type": "ref",
        "value": "preferred"
    },
    "_left_": {
        "type": "string",
        "value": "20%"
    },
    "_margin_": [
        1,
        1,
        1,
        1
    ],
    "_padding_": [
        0,
        0,
        0,
        0
    ],
    "_skin_": "scf27adb4e5f403490785a2a4fd2f98f",
    "_text_": "Click the menu to see the Radial Effect",
    "_top_": {
        "type": "string",
        "value": "9dp"
    },
    "_width_": {
        "type": "string",
        "value": "82%"
    },
    "_wrapping_": 2,
    "android": {
        "textStyle": {
            "letterSpacing": 0,
            "strikeThrough": false
        }
    },
    "canUpdateUI": true,
    "centery": {
        "type": "string",
        "value": "50%"
    },
    "containerweight": 100,
    "contentalignment": 4,
    "id": "instruction",
    "info": null,
    "ipad": {
        "psp": {
            "wrapping": 2
        }
    },
    "iphone": {
        "psp": {
            "wrapping": 2
        }
    },
    "isvisible": true,
    "kuid": "29381168deda4478a42f4103ee64fb9e",
    "name": "kony.ui.Label",
    "parent": "titleCont",
    "pf": "frm1",
    "tooltip": "",
    "wType": "Label",
    "zindex": 1
}